rain,tmax,tmin,srad,lon,lat,AWC,SBDM_mean,SLOC_mean,SLCL_mean,SLSI_mean,SLHW_mean,SCEC_mean,rain_more_50,maxt_sum2,irrigation,zone,scenario
385,292.95,280.04999999999995,20.0,101.95,36.816667,141.0,1.22333333333333,2.89,23.0433333333333,43.7133333333333,7.17,19.9333333333333,0,0.0,rainfed,7,T-10%
101,298.95,283.75,22.3,89.566667,44.016667,149.00000000000003,1.40333333333333,1.31,19.0166666666667,49.2733333333333,7.95666666666667,17.4,0,0.0,irrigated,9,T+5%
1138,291.95,282.84999999999997,13.9,115.766667,33.866667,141.33333333333297,1.38333333333333,1.45,24.47,43.2466666666667,7.23666666666667,18.5333333333333,0,0.0,irrigated,4,T-10%
398,288.65,278.45,12.0,114.4,33.75,153.66666666666598,1.44333333333333,1.58,28.6666666666667,48.5333333333333,7.36,21.4666666666667,0,0.0,irrigated,4,T+5%
231,288.15,276.75,12.7,111.033333,34.05,147.666666666667,1.35333333333333,1.51333333333333,26.2633333333333,45.7966666666667,7.29,16.7666666666667,0,0.0,irrigated,4,T0
214,289.25,278.65,12.0,115.066667,33.4,148.333333333334,1.44333333333333,1.59,27.4733333333333,45.8866666666667,7.07333333333333,20.3333333333333,0,0.0,irrigated,4,T0
172,290.95,282.15,9.9,103.816667,30.083333,129.99999999999997,1.33333333333333,0.686666666666667,26.4966666666667,35.9066666666667,6.14666666666667,13.6,0,0.0,rainfed,6,T-5%
56,299.04999999999995,286.65,23.7,108.65,40.733333,117.99999999999972,1.38333333333333,0.356666666666667,15.22,36.7833333333333,7.36333333333333,15.2666666666667,0,0.0,irrigated,2,T-5%
403,289.65,281.84999999999997,10.7,107.8,30.683333,137.99999999999997,1.37333333333333,0.866666666666667,28.3233333333333,39.38,6.27333333333333,13.4,0,0.0,rainfed,6,T+5%
404,289.34999999999997,282.15,9.6,107.883333,27.233333,130.00000000000003,1.35333333333333,1.41,26.9466666666667,35.66,5.74333333333333,13.5333333333333,0,0.0,rainfed,6,T0
274,300.95,288.34999999999997,22.7,115.5,40.4,152.666666666667,1.22333333333333,2.85666666666667,21.52,50.08,7.30333333333333,20.7666666666667,0,0.0,rainfed,2,T+10%
97,298.04999999999995,285.04999999999995,20.6,111.15,40.683333,126.66666666666698,1.32,1.21,19.6566666666667,38.1533333333333,7.3,17.3333333333333,0,0.0,irrigated,2,T+5%
191,286.95,275.34999999999997,13.7,120.733333,36.966667,139.666666666666,1.45333333333333,1.14666666666667,23.66,42.5833333333333,6.83333333333333,19.0666666666667,0,0.0,irrigated,4,T+10%
453,287.54999999999995,281.15,10.7,105.75,26.316667,132.33333333333297,1.26333333333333,1.45,32.67,33.72,5.83666666666667,18.1,0,0.0,rainfed,6,T+10%
196,297.95,284.54999999999995,22.7,93.0,43.6,148.66666666666598,1.30333333333333,1.54,19.4633333333333,48.9933333333333,7.46333333333333,25.7666666666667,0,0.0,irrigated,9,T0
505,289.95,282.25,10.3,107.716667,31.366667,130.666666666667,1.41333333333333,2.09666666666667,25.2066666666667,36.75,6.17,16.2333333333333,0,0.0,rainfed,6,T0
246,288.15,278.25,13.3,119.816667,34.033333,145.666666666666,1.41333333333333,1.75,24.48,45.2666666666667,7.36,17.6333333333333,0,0.0,irrigated,4,T-5%
32,300.34999999999997,283.34999999999997,24.0,94.683333,40.15,138.66666666666598,1.23333333333333,0.576666666666667,20.1233333333333,43.9,7.93,17.9333333333333,0,0.0,irrigated,7,T+10%
113,287.45,276.45,12.9,117.016667,39.383333,132.66666666666703,1.38333333333333,1.37333333333333,21.9433333333333,40.01,7.17,21.7,0,3.84999999999999,irrigated,3,T+5%
301,288.95,278.65,12.0,113.516667,33.85,150.99999999999997,1.56333333333333,1.6,28.52,47.5733333333333,7.30666666666667,21.6666666666667,0,0.850000000000001,irrigated,4,T-10%
311,285.84999999999997,273.84999999999997,13.9,108.3,35.166667,126.66666666666698,1.38,2.11,20.9366666666667,37.15,6.79333333333333,17.6333333333333,0,0.0,rainfed,3,T-10%
9,301.25,285.25,24.4,93.516667,42.816667,150.66666666666697,1.36333333333333,0.886666666666667,22.71,48.69,7.89,19.5333333333333,0,0.300000000000001,irrigated,9,T-5%
217,288.45,277.75,13.3,115.55,34.816667,143.333333333333,1.41333333333333,1.42,25.0166666666667,44.2066666666667,7.42333333333333,20.7666666666667,0,0.0,irrigated,4,T-10%
223,287.34999999999997,273.75,15.9,109.5,36.6,137.666666666666,1.41333333333333,1.28,22.66,41.8866666666667,7.19,22.5333333333333,0,0.0,rainfed,3,T+10%
131,289.15,282.15,12.4,104.683333,31.466667,141.66666666666703,1.42333333333333,0.983333333333333,26.4366666666667,42.52,6.11666666666667,15.5333333333333,0,0.0,irrigated,6,T0
117,288.15,277.65,13.0,114.633333,37.883333,130.333333333334,1.52666666666667,1.28666666666667,21.9666666666667,38.7966666666667,6.95666666666667,21.7,0,0.0,irrigated,4,T0
271,287.84999999999997,278.25,13.2,118.75,34.1,132.99999999999997,1.44333333333333,1.87666666666667,24.02,39.4566666666667,6.68,17.3,0,0.0,irrigated,4,T+10%
315,297.34999999999997,285.54999999999995,21.6,122.733333,48.0,151.99999999999997,1.43333333333333,2.52666666666667,16.31,52.11,6.76,19.0666666666667,1,0.0,rainfed,1,T-10%
264,299.95,287.45,24.2,118.833333,42.3,127.0,1.40333333333333,1.92666666666667,19.7666666666667,38.35,7.14333333333333,17.7,0,0.0,irrigated,1,T0
171,292.45,280.54999999999995,14.8,102.55,24.35,129.33333333333402,1.30333333333333,1.05666666666667,28.1433333333333,34.28,6.47666666666667,15.4666666666667,0,0.0,irrigated,6,T+5%
18,286.65,273.45,13.2,84.25,41.783333,134.333333333334,1.40333333333333,0.64,20.5933333333333,41.52,7.97,14.0333333333333,0,0.0,irrigated,9,T-5%
367,288.75,279.34999999999997,13.5,116.983333,33.633333,138.33333333333397,1.49333333333333,1.67,29.4333333333333,40.3766666666667,7.37,24.9333333333333,0,0.549999999999997,irrigated,4,T-5%
195,289.75,282.25,10.6,105.916667,31.733333,124.99999999999997,1.39333333333333,1.18666666666667,21.22,36.2666666666667,6.46666666666667,12.0,0,0.0,rainfed,6,T-5%
214,288.04999999999995,276.84999999999997,12.8,115.95,36.416667,133.00000000000003,1.39333333333333,1.34666666666667,23.58,39.2066666666667,7.08,22.1666666666667,0,0.0,irrigated,4,T-10%
1,288.04999999999995,277.25,14.4,79.933333,37.133333,131.0,1.37333333333333,0.746666666666667,21.7266666666667,39.52,7.67666666666667,12.8333333333333,0,0.349999999999998,irrigated,9,T-5%
109,299.65,286.65,22.2,121.283333,43.6,135.0,1.42333333333333,1.49,19.51,42.4466666666667,7.34333333333333,17.3333333333333,0,5.95,irrigated,1,T+10%
158,290.65,283.25,13.3,106.1,30.783333,125.66666666666701,1.44333333333333,0.97,22.7266666666667,35.82,6.45333333333333,14.0666666666667,0,0.0,rainfed,6,T+5%
145,288.25,276.45,12.5,110.833333,35.4,122.33333333333299,1.41333333333333,1.55666666666667,19.3433333333333,36.4333333333333,7.19,16.2666666666667,0,0.0,irrigated,4,T+5%
393,288.15,280.54999999999995,13.0,113.166667,30.666667,148.333333333334,1.37333333333333,1.12666666666667,27.2966666666667,45.66,7.11,15.0333333333333,0,0.0,rainfed,5,T+10%
190,287.95,278.65,12.5,109.583333,34.95,125.333333333334,1.38333333333333,1.09666666666667,21.5066666666667,36.31,7.16666666666667,14.7333333333333,0,0.0,irrigated,4,T-10%
287,288.65,276.25,12.7,110.716667,34.7,127.33333333333296,1.44333333333333,1.58,21.9333333333333,37.09,6.96,16.3,0,0.0,irrigated,4,T+10%
350,289.95,278.75,15.1,110.416667,33.0,140.333333333333,1.38,2.55,24.2233333333333,42.6033333333333,6.77333333333333,12.9,0,0.0,rainfed,6,T-10%
208,289.15,278.65,12.9,113.666667,34.816667,135.666666666666,1.40333333333333,1.46333333333333,25.35,39.83,6.88666666666667,21.4666666666667,1,0.850000000000001,irrigated,4,T0
393,288.75,278.54999999999995,12.1,115.816667,32.916667,145.66666666666603,1.45333333333333,1.42333333333333,27.6166666666667,44.4733333333333,7.38333333333333,21.3666666666667,1,0.0,irrigated,4,T+10%
386,286.65,278.04999999999995,13.4,119.816667,33.483333,141.666666666666,1.38333333333333,1.51666666666667,25.8666666666667,42.9133333333333,7.21,19.6,0,0.0,rainfed,5,T+10%
944,289.95,279.84999999999997,14.4,115.666667,30.733333,124.66666666666701,1.39333333333333,1.82,21.91,35.6066666666667,6.21,13.1,4,0.0,rainfed,5,T+10%
182,286.95,276.04999999999995,13.6,116.216667,39.433333,136.0,1.37333333333333,1.43,21.9766666666667,41.3666666666667,7.30666666666667,21.2666666666667,0,0.0,irrigated,3,T+10%
532,287.75,280.04999999999995,12.0,119.466667,32.183333,144.66666666666703,1.40333333333333,1.64666666666667,24.4966666666667,44.9,7.15666666666667,16.9,1,0.0,rainfed,5,T-10%
121,288.04999999999995,276.84999999999997,12.9,114.8,36.55,134.66666666666703,1.52333333333333,1.39666666666667,22.1466666666667,40.8466666666667,6.88333333333333,21.2666666666667,0,0.400000000000002,irrigated,4,T-5%
30,287.65,275.65,13.8,81.65,36.85,135.333333333334,1.32,0.733333333333333,21.4533333333333,41.63,7.78333333333333,14.1,0,0.0,irrigated,9,T-5%
64,300.54999999999995,285.65,23.3,93.516667,42.816667,150.66666666666697,1.36333333333333,0.886666666666667,22.71,48.69,7.89,19.5333333333333,0,0.449999999999999,irrigated,9,T+10%
237,291.34999999999997,283.95,13.2,108.4,30.766667,134.0,1.41333333333333,1.06,26.4833333333333,38.6166666666667,6.33333333333333,13.9,0,0.0,rainfed,6,T-10%
167,287.34999999999997,277.75,12.3,115.55,34.816667,143.333333333333,1.41333333333333,1.42,25.0166666666667,44.2066666666667,7.42333333333333,20.7666666666667,0,0.0,irrigated,4,T+5%
222,288.15,274.04999999999995,13.7,111.783333,37.25,128.33333333333303,1.36333333333333,2.1,20.91,37.9866666666667,7.01666666666667,19.7666666666667,0,0.0,irrigated,3,T-5%
369,288.75,280.54999999999995,13.2,116.3,32.366667,153.333333333333,1.41333333333333,1.51666666666667,26.6933333333333,48.8333333333333,6.66666666666667,18.0,1,0.0,irrigated,4,T0
109,299.65,286.65,22.2,121.283333,43.6,135.0,1.42333333333333,1.49,19.51,42.4466666666667,7.34333333333333,17.3333333333333,0,5.95,irrigated,1,T-5%
426,288.45,279.15,12.4,114.35,32.616667,161.666666666667,1.57333333333333,1.29333333333333,27.5,53.19,6.23,20.8333333333333,2,0.0,irrigated,4,T+10%
235,288.54999999999995,278.65,12.6,114.783333,34.533333,146.333333333333,1.44333333333333,1.49,26.7766666666667,44.7633333333333,7.22,20.9,0,0.0,irrigated,4,T+5%
99,288.25,276.84999999999997,13.1,114.833333,38.033333,127.333333333334,1.45333333333333,1.55333333333333,22.1366666666667,37.1966666666667,7.23,21.3333333333333,0,0.0,irrigated,4,T-5%
389,289.95,284.04999999999995,9.3,107.683333,29.866667,137.666666666667,1.38333333333333,1.33666666666667,29.86,38.6633333333333,6.16333333333333,17.4333333333333,0,0.0,rainfed,6,T-5%
139,285.84999999999997,275.45,12.5,114.833333,38.033333,127.333333333334,1.45333333333333,1.55333333333333,22.1366666666667,37.1966666666667,7.23,21.3333333333333,0,0.0,irrigated,4,T-5%
403,289.65,281.84999999999997,10.7,107.8,30.683333,137.99999999999997,1.37333333333333,0.866666666666667,28.3233333333333,39.38,6.27333333333333,13.4,0,0.0,rainfed,6,T+10%
218,287.95,277.65,13.6,110.45,35.466667,124.66666666666701,1.40666666666667,1.56333333333333,20.6533333333333,36.5566666666667,6.89666666666667,17.2,0,0.0,irrigated,4,T0
166,285.65,273.75,14.6,116.383333,39.116667,135.666666666666,1.37333333333333,1.27666666666667,22.97,40.9366666666667,7.34,22.0666666666667,0,0.0,irrigated,3,T-5%
354,286.04999999999995,276.75,15.4,107.633333,35.733333,119.666666666667,1.37333333333333,2.22,20.8766666666667,33.75,6.88333333333333,18.3,0,0.0,rainfed,3,T+5%
426,288.45,279.15,12.4,114.35,32.616667,161.666666666667,1.57333333333333,1.29333333333333,27.5,53.19,6.23,20.8333333333333,2,0.0,irrigated,4,T0
150,286.54999999999995,276.34999999999997,12.9,117.016667,39.383333,132.66666666666703,1.38333333333333,1.37333333333333,21.9433333333333,40.01,7.17,21.7,0,0.0,irrigated,3,T-5%
205,296.54999999999995,284.25,21.0,126.183333,48.5,151.99999999999997,1.43333333333333,2.52666666666667,16.31,52.11,6.76,19.0666666666667,0,0.0,rainfed,1,T+5%
65,297.15,281.65,23.2,97.033333,40.266667,138.66666666666598,1.23333333333333,0.576666666666667,20.1233333333333,43.9,7.93,17.9333333333333,0,0.0,irrigated,7,T0
285,288.84999999999997,277.34999999999997,11.0,108.266667,34.283333,139.99999999999997,1.38666666666667,0.896666666666667,23.7466666666667,42.89,7.45333333333333,13.6333333333333,0,0.0,irrigated,4,T+5%
199,296.95,285.84999999999997,18.3,125.883333,48.05,164.66666666666697,1.44333333333333,2.14666666666667,19.9266666666667,56.35,6.98,21.3666666666667,0,0.0,rainfed,1,T+5%
257,284.54999999999995,273.04999999999995,13.2,83.0,46.733333,140.33333333333397,1.39333333333333,1.00666666666667,19.1733333333333,45.1866666666667,7.95,16.9666666666667,0,0.0,irrigated,9,T+10%
257,284.54999999999995,273.04999999999995,13.2,83.0,46.733333,140.33333333333397,1.39333333333333,1.00666666666667,19.1733333333333,45.1866666666667,7.95,16.9666666666667,0,0.0,irrigated,9,T0
220,288.75,278.04999999999995,11.9,113.0,33.283333,162.66666666666703,1.54333333333333,1.30666666666667,27.5133333333333,54.0133333333333,6.72,15.7,0,0.0,irrigated,4,T-5%
117,299.34999999999997,286.25,24.3,88.083333,47.733333,162.333333333333,1.39333333333333,2.19333333333333,18.18,55.9933333333333,8.00333333333333,18.7,0,0.0,irrigated,9,T-5%
229,288.15,277.54999999999995,14.0,116.916667,38.916667,137.99999999999997,1.35333333333333,1.38,22.73,42.0533333333333,7.27666666666667,22.3666666666667,0,0.0,irrigated,3,T-5%
389,289.95,284.04999999999995,9.3,107.683333,29.866667,137.666666666667,1.38333333333333,1.33666666666667,29.86,38.6633333333333,6.16333333333333,17.4333333333333,0,0.0,rainfed,6,T+10%
202,287.84999999999997,277.65,12.6,116.333333,34.45,147.66666666666703,1.39333333333333,1.64666666666667,25.1466666666667,46.21,7.54666666666667,18.0666666666667,0,0.0,irrigated,4,T+10%
121,287.95,276.95,13.5,115.383333,37.366667,130.66666666666598,1.46333333333333,1.9,22.4933333333333,38.4166666666667,7.16666666666667,21.1333333333333,0,0.799999999999997,irrigated,4,T-5%
396,295.95,284.15,21.5,115.266667,41.883333,152.666666666667,1.22333333333333,2.85666666666667,21.52,50.08,7.30333333333333,20.7666666666667,1,0.0,rainfed,2,T-10%
250,296.34999999999997,283.65,22.7,93.0,43.6,148.66666666666598,1.30333333333333,1.54,19.4633333333333,48.9933333333333,7.46333333333333,25.7666666666667,0,0.0,irrigated,9,T-5%
167,288.65,278.25,12.9,113.883333,35.316667,136.333333333333,1.41333333333333,1.19,24.2733333333333,40.3466666666667,7.06666666666667,22.1,0,0.0,irrigated,4,T0
192,297.75,285.54999999999995,22.0,122.266667,43.6,126.33333333333302,1.40333333333333,1.14333333333333,17.4066666666667,39.26,7.45666666666667,18.6,0,0.549999999999997,irrigated,1,T+10%
237,288.34999999999997,276.75,12.9,113.583333,33.45,163.66666666666598,1.57333333333333,1.65666666666667,27.5966666666667,54.27,6.56666666666667,18.1666666666667,1,0.0,irrigated,4,T+10%
364,288.34999999999997,276.65,12.1,105.883333,34.55,134.33333333333297,1.32333333333333,1.66333333333333,24.9033333333333,39.01,7.07,19.0666666666667,0,0.0,irrigated,4,T+5%
251,296.95,287.34999999999997,18.8,131.983333,47.233333,164.66666666666697,1.44333333333333,2.14666666666667,19.9266666666667,56.35,6.98,21.3666666666667,0,0.0,rainfed,1,T0
389,288.04999999999995,278.84999999999997,11.3,115.816667,32.916667,145.66666666666603,1.45333333333333,1.42333333333333,27.6166666666667,44.4733333333333,7.38333333333333,21.3666666666667,1,0.0,irrigated,4,T+10%
181,299.25,285.65,20.8,111.15,40.683333,126.66666666666698,1.32,1.21,19.6566666666667,38.1533333333333,7.3,17.3333333333333,0,0.0,irrigated,2,T-5%
172,287.95,278.15,13.5,116.583333,35.433333,139.33333333333297,1.44333333333333,1.3,24.3133333333333,42.39,7.30333333333333,18.0333333333333,0,1.45,irrigated,4,T0
151,286.75,275.84999999999997,13.6,115.966667,39.483333,131.0,1.46333333333333,1.74333333333333,21.8533333333333,39.1766666666667,7.06666666666667,20.2333333333333,0,0.0,irrigated,3,T+10%
389,288.04999999999995,278.84999999999997,11.3,115.816667,32.916667,145.66666666666603,1.45333333333333,1.42333333333333,27.6166666666667,44.4733333333333,7.38333333333333,21.3666666666667,1,0.0,irrigated,4,T0
222,289.45,282.54999999999995,9.8,105.35,30.116667,129.33333333333297,1.45666666666667,0.883333333333333,22.58,37.9133333333333,6.5,11.8333333333333,0,0.0,rainfed,6,T-5%
366,286.84999999999997,278.15,13.5,119.033333,33.6,141.666666666666,1.38333333333333,1.51666666666667,25.8666666666667,42.9133333333333,7.21,19.6,0,3.35,irrigated,4,T+10%
33,297.75,283.04999999999995,22.4,100.433333,38.933333,135.0,1.30333333333333,1.18333333333333,22.25,40.6966666666667,7.47333333333333,20.6333333333333,0,0.0,irrigated,7,T+10%
143,288.15,277.65,13.8,115.016667,35.7,126.66666666666698,1.49333333333333,1.73333333333333,22.9,36.3566666666667,6.96333333333333,20.3333333333333,0,0.0,irrigated,4,T-10%
29,287.34999999999997,275.54999999999995,14.3,81.65,36.85,135.333333333334,1.32,0.733333333333333,21.4533333333333,41.63,7.78333333333333,14.1,0,0.0,irrigated,9,T+10%
121,287.34999999999997,276.45,12.9,113.816667,36.066667,130.0,1.46333333333333,1.63666666666667,22.5933333333333,37.9966666666667,7.02333333333333,19.3666666666667,0,0.75,irrigated,4,T+10%
202,287.65,276.75,12.2,105.716667,33.75,136.0,1.37333333333333,1.44666666666667,25.0,40.0833333333333,6.62666666666667,18.9333333333333,0,0.0,irrigated,6,T0
190,296.54999999999995,284.15,22.9,109.7,38.233333,131.99999999999997,1.26666666666667,0.933333333333333,21.2,39.9666666666667,7.06666666666667,14.7333333333333,0,0.0,irrigated,2,T-10%
407,288.45,279.15,11.8,113.95,30.9,148.333333333334,1.37333333333333,1.12666666666667,27.2966666666667,45.66,7.11,15.0333333333333,2,0.0,rainfed,5,T+10%
