rain,tmax,srad,lon,lat,AWC,SBDM_mean,SLOC_mean,SLCL_mean,SLSI_mean,SLHW_mean,maxt1,rain1,srad1,maxt2,rain2,srad2,zone,scenario
243,287.84999999999997,13.1,117.15,34.283333,137.00000000000003,1.43333333333333,1.1,23.36,41.3733333333333,6.83,12.507486631016,143.5,2169.0,25.1078431372549,113.9,997.2,4,T-10%
112,290.04999999999995,9.6,104.55,30.383333,130.0,1.45333333333333,0.953333333333333,22.9133333333333,38.16,6.55666666666667,13.8577777777778,41.4,946.5,23.3934782608696,65.4,678.7,6,T-5%
262,289.54999999999995,12.9,112.633333,35.083333,129.0,1.54333333333333,1.26333333333333,21.9066666666667,37.8766666666667,6.83666666666667,14.0066666666667,174.2,2119.0,30.5075,87.4,935.6,4,T+10%
241,288.15,10.6,112.85,32.683333,155.00000000000003,1.54,1.01333333333333,25.51,50.02,6.9,12.6338983050847,166.0,1688.0,25.6571428571429,74.7,658.1,4,T+5%
142,282.95,12.3,84.666667,44.433333,150.99999999999997,1.36666666666667,0.876666666666667,18.4266666666667,50.5166666666667,7.96333333333333,7.03719008264463,114.2,2560.6,30.5083333333333,57.7,1096.2,9,T+10%
252,287.65,12.9,110.716667,34.7,127.33333333333296,1.44333333333333,1.58,21.9333333333333,37.09,6.96,11.5684782608696,158.2,2053.0,25.41875,93.5,951.0,4,T+5%
124,288.04999999999995,10.9,114.35,35.933333,131.66666666666703,1.54333333333333,1.25666666666667,22.3033333333333,39.3533333333333,6.97,12.9831683168317,76.3,1950.1,27.95,47.5,713.7,4,T-5%
231,286.95,13.5,107.383333,34.516667,140.66666666666703,1.34666666666667,1.12333333333333,23.7066666666667,42.93,7.39,10.8311557788945,171.7,2279.8,25.388,59.0,1054.1,4,T+5%
248,288.04999999999995,12.8,108.216667,34.25,140.0,1.38333333333333,0.66,22.01,43.4866666666667,7.61666666666667,13.2029850746269,135.9,2399.0,26.8638888888889,32.4,698.6,4,T-5%
202,287.95,12.0,111.5,36.066667,126.66666666666602,1.45333333333333,1.50666666666667,21.2133333333333,37.04,6.94666666666667,13.2830917874396,145.4,2292.3,27.2232558139535,74.6,793.8,4,T-5%
151,285.54999999999995,13.8,115.55,38.0,132.66666666666703,1.37333333333333,1.47333333333333,22.6733333333333,39.54,7.18333333333333,9.81442307692308,90.4,2633.9,28.3555555555556,61.9,732.4,4,T-5%
367,288.75,13.5,116.983333,33.633333,138.33333333333397,1.49333333333333,1.67,29.4333333333333,40.3766666666667,7.37,12.7,318.3,1960.7,27.4488372093023,50.0,977.8,4,T+10%
326,287.84999999999997,15.2,109.966667,33.866667,137.99999999999997,1.37333333333333,2.35333333333333,23.92,41.68,6.96666666666667,12.1961538461538,178.9,2409.3,24.916,148.0,1086.8,6,T-10%
85,298.04999999999995,21.9,106.25,38.25,131.99999999999997,1.26666666666667,0.933333333333333,21.2,39.9666666666667,7.06666666666667,21.43125,31.6,1629.0,29.9666666666667,58.9,1153.0,7,T-10%
266,297.54999999999995,22.5,122.266667,43.6,126.33333333333302,1.40333333333333,1.14333333333333,17.4066666666667,39.26,7.45666666666667,21.9901408450704,98.3,1540.4,28.32,178.7,824.3,1,T-5%
136,288.15,13.8,116.916667,38.916667,137.99999999999997,1.35333333333333,1.38,22.73,42.0533333333333,7.27666666666667,12.2565853658537,31.4,2388.4,28.2282051282051,80.2,904.2,3,T-5%
387,288.84999999999997,12.0,115.066667,33.4,148.333333333334,1.44333333333333,1.59,27.4733333333333,45.8866666666667,7.07333333333333,12.6564971751412,288.3,1717.9,27.2551020408163,76.6,996.5,4,T+10%
371,288.54999999999995,12.8,115.766667,33.866667,141.33333333333297,1.38333333333333,1.45,24.47,43.2466666666667,7.23666666666667,12.7416216216216,320.2,1939.5,28.0458333333333,72.1,1067.3,4,T+5%
198,286.65,13.1,118.0,36.833333,130.333333333334,1.52333333333333,1.54333333333333,22.6666666666667,38.2033333333333,6.98,10.5891625615764,121.9,2368.9,28.3710526315789,65.0,763.4,4,T+5%
268,287.75,11.9,114.4,33.75,153.66666666666598,1.44333333333333,1.58,28.6666666666667,48.5333333333333,7.36,12.0645161290323,99.8,1902.1,25.4458333333333,168.5,856.3,4,T-10%
79,286.34999999999997,14.7,82.966667,41.716667,144.66666666666697,1.30333333333333,0.636666666666667,24.4266666666667,44.7333333333333,7.86666666666667,10.1971830985915,16.8,2726.8,27.9291666666667,63.1,1131.3,9,T-5%
157,287.65,12.2,113.816667,36.066667,130.0,1.46333333333333,1.63666666666667,22.5933333333333,37.9966666666667,7.02333333333333,12.1853535353535,119.7,2188.7,26.3608695652174,69.5,803.5,4,T+10%
214,287.95,13.2,108.716667,34.4,128.33333333333303,1.37333333333333,0.94,23.0233333333333,37.0433333333333,6.97,11.8942105263158,133.8,2103.1,26.3057692307692,82.2,1064.9,4,T+5%
153,288.34999999999997,12.3,114.516667,37.283333,125.33333333333302,1.50333333333333,2.00333333333333,22.2433333333333,36.09,7.04666666666667,13.2004901960784,65.9,2179.2,28.45,87.4,922.4,4,T+10%
211,292.84999999999997,16.1,102.55,24.35,129.33333333333402,1.30333333333333,1.05666666666667,28.1433333333333,34.28,6.47666666666667,18.230701754386,122.9,1625.2,22.843137254902,56.5,1022.6,6,T-5%
174,287.45,14.1,121.25,37.5,130.666666666667,1.44333333333333,1.48333333333333,20.54,39.6166666666667,6.61333333333333,11.8918660287081,146.4,2574.2,28.1333333333333,27.3,891.6,4,T+10%
131,289.15,12.4,104.683333,31.466667,141.66666666666703,1.42333333333333,0.983333333333333,26.4366666666667,42.52,6.11666666666667,13.2297297297297,82.4,1619.3,23.1875,31.6,753.1,6,T+10%
78,297.15,20.9,104.683333,36.566667,120.99999999999999,1.33333333333333,1.6,17.6066666666667,36.64,7.17,20.3591549295775,22.2,1380.7,27.2981481481481,66.7,1191.1,7,T-5%
252,281.34999999999997,12.5,85.816667,44.283333,153.33333333333297,1.39333333333333,0.726666666666667,21.17,50.4533333333333,7.77666666666667,4.52340425531915,204.3,2358.4,28.6085106382979,53.6,1182.1,9,T-5%
226,288.65,12.3,114.85,34.066667,151.0,1.44333333333333,1.57666666666667,27.4566666666667,47.0933333333333,7.28666666666667,13.5940540540541,121.7,1986.4,25.8365384615385,104.3,970.5,4,T-5%
293,288.04999999999995,12.8,118.35,35.05,131.33333333333297,1.41333333333333,1.10333333333333,21.7266666666667,39.2733333333333,6.66666666666667,12.4668367346939,260.8,2119.8,28.2076923076923,32.6,851.0,4,T+10%
366,286.54999999999995,12.0,108.15,34.7,132.0,1.41666666666667,2.03666666666667,22.0233333333333,39.4533333333333,7.36666666666667,12.0182978723404,230.9,2557.6,26.0657894736842,135.9,779.9,4,T+5%
294,288.34999999999997,13.4,116.333333,34.45,147.66666666666703,1.39333333333333,1.64666666666667,25.1466666666667,46.21,7.54666666666667,12.66,240.4,2239.7,25.9454545454545,53.6,899.5,4,T-10%
225,289.15,12.3,112.966667,34.733333,131.33333333333303,1.48333333333333,1.34333333333333,23.0066666666667,38.4866666666667,6.96,13.315,119.2,1829.1,26.0733333333333,96.4,920.7,4,T+5%
242,288.15,14.5,112.15,37.516667,124.666666666667,1.33333333333333,2.06666666666667,18.4933333333333,37.88,6.95666666666667,12.3214953271028,161.2,2722.8,28.8511111111111,65.1,1033.2,3,T0
234,288.04999999999995,12.6,109.233333,34.4,130.66666666666598,1.31333333333333,0.93,23.0066666666667,38.4966666666667,6.76,13.0939393939394,147.1,2136.4,26.5921568627451,90.3,1093.7,4,T-10%
75,288.04999999999995,12.4,114.516667,37.283333,125.33333333333302,1.50333333333333,2.00333333333333,22.2433333333333,36.09,7.04666666666667,12.521608040201,41.1,2056.8,28.4772727272727,34.0,968.8,4,T-5%
145,289.65,11.6,104.666667,32.95,129.333333333334,1.35333333333333,2.8,21.4166666666667,38.4966666666667,6.36666666666667,13.5209150326797,25.1,1401.5,24.0298245614035,92.9,988.4,6,T0
228,287.95,12.3,105.716667,33.75,136.0,1.37333333333333,1.44666666666667,25.0,40.0833333333333,6.62666666666667,11.9944444444444,120.6,1878.9,26.1765957446808,107.1,938.0,6,T-5%
146,298.65,22.6,107.4,37.783333,100.9999999999997,1.25333333333333,1.23666666666667,11.9733333333333,30.54,7.38666666666667,22.359375,69.5,1396.4,28.4720930232558,61.3,1009.2,7,T-10%
219,287.34999999999997,13.5,117.533333,37.5,130.333333333334,1.42333333333333,1.39,21.65,38.88,7.17666666666667,11.8645631067961,120.0,2436.2,27.1138888888889,98.8,783.6,4,T-10%
144,302.04999999999995,22.9,82.066667,44.9,144.00000000000003,1.27333333333333,0.566666666666667,17.6933333333333,47.49,7.81333333333333,21.5530303030303,66.8,1320.0,30.0175,23.5,958.8,9,T-5%
229,287.84999999999997,12.3,114.033333,33.366667,150.0,1.51666666666667,1.52,31.1033333333333,46.0466666666667,7.26333333333333,12.2349726775956,95.0,1982.5,26.02,137.7,826.7,4,T-10%
189,288.65,12.6,113.883333,35.316667,136.333333333333,1.41333333333333,1.19,24.2733333333333,40.3466666666667,7.06666666666667,13.1678571428571,155.2,2017.2,29.2886363636364,38.8,1049.3,4,T+5%
264,285.45,14.2,120.733333,36.966667,139.666666666666,1.45333333333333,1.14666666666667,23.66,42.5833333333333,6.83333333333333,10.2968609865471,157.0,2950.6,25.7473684210526,106.9,772.0,4,T+5%
236,287.95,14.0,116.866667,40.383333,132.33333333333397,1.43333333333333,1.96,20.1033333333333,40.53,6.86333333333333,12.1198156682028,68.8,2680.8,28.4125,65.8,869.5,3,T-5%
98,290.75,10.7,104.15,30.016667,126.333333333334,1.42333333333333,1.35333333333333,22.1466666666667,36.5833333333333,6.36333333333333,14.38,13.8,1107.1,25.35,69.3,716.4,6,T+5%
210,289.15,12.9,106.766667,31.85,125.0,1.35333333333333,1.33333333333333,22.8966666666667,35.5233333333333,6.15333333333333,12.9048275862069,117.1,1522.0,23.3755555555556,98.1,834.0,6,T+5%
172,285.84999999999997,13.2,116.916667,38.916667,137.99999999999997,1.35333333333333,1.38,22.73,42.0533333333333,7.27666666666667,9.77798165137615,113.7,2595.3,28.395,58.6,795.0,3,T-10%
144,302.04999999999995,22.9,82.066667,44.9,144.00000000000003,1.27333333333333,0.566666666666667,17.6933333333333,47.49,7.81333333333333,21.5530303030303,66.8,1320.0,30.0175,23.5,958.8,9,T-10%
187,288.15,13.0,105.716667,33.75,136.0,1.37333333333333,1.44666666666667,25.0,40.0833333333333,6.62666666666667,12.412,79.3,2026.2,25.2381818181818,140.4,1022.1,6,T+5%
54,291.65,18.0,100.216667,26.866667,121.66666666666701,1.27333333333333,1.99666666666667,23.7733333333333,32.6333333333333,5.94,16.9364341085271,18.9,2156.4,22.3052631578947,34.9,1192.1,6,T+5%
154,281.15,14.0,87.433333,44.016667,145.99999999999997,1.38333333333333,0.856666666666667,18.9066666666667,48.02,8.02666666666667,3.94203539823009,115.9,2663.8,28.9714285714286,37.7,1050.6,9,T+5%
260,294.95,21.8,81.133333,43.15,133.99999999999997,1.25,2.40333333333333,23.98,39.26,7.52,17.1472972972973,110.2,1524.9,23.8949152542373,119.1,1329.9,9,T+5%
345,286.95,13.4,119.816667,34.033333,145.666666666666,1.41333333333333,1.75,24.48,45.2666666666667,7.36,10.4485714285714,209.6,2026.4,23.7719298245614,135.2,1116.1,4,T-5%
124,288.84999999999997,11.9,111.016667,35.033333,128.33333333333303,1.38333333333333,1.24666666666667,21.4166666666667,37.8766666666667,7.03,13.8917874396135,62.0,2227.7,28.5216216216216,98.9,704.5,4,T+5%
141,287.75,13.6,117.533333,37.5,130.333333333334,1.42333333333333,1.39,21.65,38.88,7.17666666666667,12.4995215311005,80.5,2562.6,27.7078947368421,60.8,850.5,4,T0
116,289.25,11.6,104.666667,32.95,129.333333333334,1.35333333333333,2.8,21.4166666666667,38.4966666666667,6.36666666666667,13.590243902439,64.3,1577.4,25.3377777777778,49.7,819.2,6,T0
204,289.15,12.0,112.9,35.05,133.66666666666703,1.46333333333333,1.06333333333333,23.8,39.5133333333333,7.03666666666667,13.2635359116022,113.6,1805.8,26.4442307692308,110.5,968.1,4,T-10%
35,297.45,22.2,106.55,38.9,130.0,1.29333333333333,0.746666666666667,18.6733333333333,40.1133333333333,7.36333333333333,19.1357142857143,26.7,1717.1,28.6934782608696,8.6,1093.0,7,T-10%
213,288.75,11.9,113.85,34.016667,143.33333333333297,1.48,1.79333333333333,25.36,43.73,7.25666666666667,12.9395604395604,109.0,1836.5,24.9673469387755,88.1,874.8,4,T-5%
260,287.54999999999995,12.5,118.35,35.05,131.33333333333297,1.41333333333333,1.10333333333333,21.7266666666667,39.2733333333333,6.66666666666667,12.4295918367347,182.0,2214.4,25.4119047619048,78.0,786.7,4,T-10%
131,289.15,12.4,104.683333,31.466667,141.66666666666703,1.42333333333333,0.983333333333333,26.4366666666667,42.52,6.11666666666667,13.2297297297297,82.4,1619.3,23.1875,31.6,753.1,6,T-10%
97,298.04999999999995,20.6,111.15,40.683333,126.66666666666698,1.32,1.21,19.6566666666667,38.1533333333333,7.3,22.7621212121212,41.6,1416.2,27.3642857142857,53.8,822.2,2,T-5%
7,287.25,14.5,81.65,36.85,135.333333333334,1.32,0.733333333333333,21.4533333333333,41.63,7.78333333333333,12.7580952380952,1.1,2985.2,29.2571428571429,0.5,1153.1,9,T+5%
214,287.84999999999997,11.7,113.85,34.016667,143.33333333333297,1.48,1.79333333333333,25.36,43.73,7.25666666666667,12.2455026455026,62.8,1862.1,25.4851063829787,151.2,840.9,4,T-10%
106,282.15,14.1,87.433333,44.016667,145.99999999999997,1.38333333333333,0.856666666666667,18.9066666666667,48.02,8.02666666666667,4.81842105263158,89.8,2733.3,31.4738095238095,16.1,1095.4,9,T+5%
79,288.25,13.5,109.583333,34.95,125.333333333334,1.38333333333333,1.09666666666667,21.5066666666667,36.31,7.16666666666667,13.0675126903553,38.7,2448.4,27.4684210526316,37.5,718.2,4,T-10%
177,298.75,22.9,121.283333,43.6,135.0,1.42333333333333,1.49,19.51,42.4466666666667,7.34333333333333,23.2310344827586,61.6,1287.8,28.4,102.2,665.9,1,T+10%
292,287.84999999999997,11.4,108.916667,34.15,130.66666666666598,1.37333333333333,0.9,23.4,37.73,7.00666666666667,12.8093596059113,210.3,2063.1,26.6125,69.5,633.2,4,T+10%
262,288.75,12.9,109.233333,34.4,130.66666666666598,1.31333333333333,0.93,23.0066666666667,38.4966666666667,6.76,13.1894472361809,204.5,2126.3,27.8238095238095,69.5,938.5,4,T+10%
181,281.34999999999997,13.8,85.816667,44.283333,153.33333333333297,1.39333333333333,0.726666666666667,21.17,50.4533333333333,7.77666666666667,4.35438596491228,141.7,2583.6,27.874,39.0,1288.9,9,T-10%
284,289.65,11.8,112.4,34.416667,146.0,1.46333333333333,1.40333333333333,26.3733333333333,44.7433333333333,7.5,13.6954081632653,226.9,1862.8,28.5294117647059,19.4,703.1,4,T+10%
58,298.15,21.2,104.683333,36.566667,120.99999999999999,1.33333333333333,1.6,17.6066666666667,36.64,7.17,22.0333333333333,17.3,1510.1,29.3833333333333,43.8,1038.0,7,T+5%
117,299.34999999999997,24.3,88.083333,47.733333,162.333333333333,1.39333333333333,2.19333333333333,18.18,55.9933333333333,8.00333333333333,21.975,25.8,1259.2,28.8152173913043,91.5,1149.0,9,T0
247,287.04999999999995,12.9,115.55,34.816667,143.333333333333,1.41333333333333,1.42,25.0166666666667,44.2066666666667,7.42333333333333,11.0403225806452,79.8,2064.5,25.4872340425532,181.6,920.1,4,T0
22,294.45,17.3,101.55,25.033333,129.333333333333,1.34666666666667,1.51666666666667,28.2833333333333,34.5,6.36,20.6071428571429,3.4,2340.7,25.4170212765957,25.0,997.9,6,T0
204,289.15,12.0,112.9,35.05,133.66666666666703,1.46333333333333,1.06333333333333,23.8,39.5133333333333,7.03666666666667,13.2635359116022,113.6,1805.8,26.4442307692308,110.5,968.1,4,T+10%
228,287.95,12.3,105.716667,33.75,136.0,1.37333333333333,1.44666666666667,25.0,40.0833333333333,6.62666666666667,11.9944444444444,120.6,1878.9,26.1765957446808,107.1,938.0,6,T+10%
205,286.54999999999995,13.3,117.4,40.033333,137.666666666667,1.47333333333333,1.69,22.5133333333333,42.1733333333333,6.85666666666667,10.5731481481481,124.6,2564.7,28.7707317073171,46.7,874.9,3,T+5%
197,298.15,24.4,119.016667,42.933333,108.00000000000028,1.25333333333333,1.82666666666667,14.99,32.43,6.87333333333333,21.6730158730159,56.9,1498.4,28.7769230769231,141.6,949.4,1,T+10%
321,288.45,12.3,115.816667,32.916667,145.66666666666603,1.45333333333333,1.42333333333333,27.6166666666667,44.4733333333333,7.38333333333333,13.1192307692308,238.9,1945.3,25.8604651162791,105.4,792.0,4,T-10%
278,287.84999999999997,13.1,119.816667,34.033333,145.666666666666,1.41333333333333,1.75,24.48,45.2666666666667,7.36,12.58,213.4,2252.8,25.2145833333333,64.1,944.7,4,T-10%
7,288.04999999999995,14.0,88.166667,39.033333,118.666666666667,1.40333333333333,0.236666666666667,16.68,36.4733333333333,8.25,12.950643776824,6.2,2987.5,31.9264705882353,1.2,818.9,9,T+5%
174,287.45,14.1,121.25,37.5,130.666666666667,1.44333333333333,1.48333333333333,20.54,39.6166666666667,6.61333333333333,11.8918660287081,146.4,2574.2,28.1333333333333,27.3,891.6,4,T-5%
158,287.34999999999997,13.6,115.0,38.516667,128.33333333333303,1.47333333333333,1.66333333333333,22.0366666666667,37.75,7.11,10.9549019607843,126.4,2397.9,28.5475,24.8,872.1,3,T-5%
49,287.65,13.4,78.566667,39.8,128.333333333334,1.44333333333333,0.293333333333333,16.7966666666667,40.6366666666667,8.38666666666667,11.3,7.1,2207.4,29.8536585365854,48.2,942.9,9,T-5%
55,297.45,21.9,106.55,38.9,130.0,1.29333333333333,0.746666666666667,18.6733333333333,40.1133333333333,7.36333333333333,19.3,27.0,1718.1,29.6272727272727,11.4,1007.9,7,T0
366,286.84999999999997,13.5,119.033333,33.6,141.666666666666,1.38333333333333,1.51666666666667,25.8666666666667,42.9133333333333,7.21,10.7066666666667,219.9,2182.5,25.4155555555556,145.1,839.0,4,T+10%
75,288.04999999999995,12.4,114.516667,37.283333,125.33333333333302,1.50333333333333,2.00333333333333,22.2433333333333,36.09,7.04666666666667,12.521608040201,41.1,2056.8,28.4772727272727,34.0,968.8,4,T+10%
386,286.84999999999997,15.2,113.066667,36.05,130.333333333334,1.35333333333333,2.38666666666667,21.4333333333333,38.72,6.89666666666667,11.5545064377682,199.9,3237.0,26.3888888888889,112.9,814.1,3,T+5%
26,288.45,14.4,79.933333,37.133333,131.0,1.37333333333333,0.746666666666667,21.7266666666667,39.52,7.67666666666667,12.4209183673469,3.1,2495.5,28.2829787234043,22.6,1030.9,9,T-10%
83,300.45,23.3,119.016667,42.933333,108.00000000000028,1.25333333333333,1.82666666666667,14.99,32.43,6.87333333333333,21.75,24.0,1343.4,29.5883720930233,56.3,1027.6,1,T-5%
303,299.84999999999997,20.4,111.15,40.683333,126.66666666666698,1.32,1.21,19.6566666666667,38.1533333333333,7.3,24.7083333333333,70.5,1320.0,29.206976744186,220.9,776.1,2,T0
117,288.15,13.0,114.633333,37.883333,130.333333333334,1.52666666666667,1.28666666666667,21.9666666666667,38.7966666666667,6.95666666666667,12.566,48.0,2210.3,28.0288888888889,68.8,1028.2,4,T+5%
56,298.25,21.1,106.55,38.9,130.0,1.29333333333333,0.746666666666667,18.6733333333333,40.1133333333333,7.36333333333333,21.2817073170732,25.7,1604.4,29.2775510204082,30.7,1090.2,7,T-10%
61,295.65,16.6,102.266667,27.9,130.33333333333402,1.32333333333333,1.38,27.2433333333333,35.5666666666667,6.48666666666667,21.3858267716535,7.5,1961.5,25.8529411764706,53.6,1023.1,6,T+10%
155,285.65,12.8,114.633333,37.883333,130.333333333334,1.52666666666667,1.28666666666667,21.9666666666667,38.7966666666667,6.95666666666667,9.89855769230769,86.6,2438.5,27.7162790697674,68.3,857.8,4,T+5%
248,288.04999999999995,12.8,108.216667,34.25,140.0,1.38333333333333,0.66,22.01,43.4866666666667,7.61666666666667,13.2029850746269,135.9,2399.0,26.8638888888889,32.4,698.6,4,T+5%
64,300.54999999999995,23.3,93.516667,42.816667,150.66666666666697,1.36333333333333,0.886666666666667,22.71,48.69,7.89,24.3935064935065,15.6,1709.2,33.0592592592593,69.1,1372.1,9,T-10%
